//////////////////////////////////////////////////////////////////////////////////////////////////////////////////////////////////////////////////////////////////////////////////////////////////////////////////////////////////////////////////////////////////////////////////
///////       Name: Naga Sri Rama Yashwanth Thota                   //////////////////////////////////////////////////////////////////////////////////////////////////////////////////////////////////////////////////////////////////////////////////////////////////////////////
///////       UTAID:1001507395                                      //////////////////////////////////////////////////////////////////////////////////////////////////////////////////////////////////////////////////////////////////////////////////////////////////////////////
//////////////////////////////////////////////////////////////////////////////////////////////////////////////////////////////////////////////////////////////////////////////////////////////////////////////////////////////////////////////////////////////////////////////////




mysql> show databases;
+--------------------+
| Database           |
+--------------------+
| information_schema |
| bal                |
| mysql              |
| performance_schema |
| world              |
+--------------------+
5 rows in set (0.00 sec)

////////////////CREATING AND USING DATABASE//////////////////////////////////////////////////////////////////////////////////////////////////////////////////////////////////////////////////////////////////////////////////////////////////////////////////////////////////////

mysql> create database company;
Query OK, 1 row affected (0.04 sec)

mysql> use company;
Database changed

////////////////CREATING TABLES///////////////////////////////////////////////////////////////////////////////////////////////////////////////////////////////////////////////////////////////////////////////////////////////////////////////////////////////////////////////////

mysql> CREATE TABLE employee (fname varchar(255) NOT NULL,minit char,lname varchar(255) NOT NULL,Ssn char(9) NOT NULL,Bdate date,address varchar(255),sex char,salary decimal(10,2),Super_ssn char(9) NOT NULL,dno int NOT NULL,PRIMARY KEY (Ssn));
Query OK, 0 rows affected (0.32 sec)

mysql> Describe employee;
+-----------+---------------+------+-----+---------+-------+
| Field     | Type          | Null | Key | Default | Extra |
+-----------+---------------+------+-----+---------+-------+
| fname     | varchar(255)  | NO   |     | NULL    |       |
| minit     | char(1)       | YES  |     | NULL    |       |
| lname     | varchar(255)  | NO   |     | NULL    |       |
| Ssn       | char(9)       | NO   | PRI | NULL    |       |
| Bdate     | date          | YES  |     | NULL    |       |
| address   | varchar(255)  | YES  |     | NULL    |       |
| sex       | char(1)       | YES  |     | NULL    |       |
| salary    | decimal(10,2) | YES  |     | NULL    |       |
| Super_ssn | char(9)       | NO   |     | NULL    |       |
| dno       | int(11)       | NO   |     | NULL    |       |
+-----------+---------------+------+-----+---------+-------+
10 rows in set (0.09 sec)

mysql> CREATE TABLE department (dname varchar(255) NOT NULL,dnumber int NOT NULL,Mgr_Ssn char(9) NOT NULL,Mgr_start_date date,PRIMARY KEY (dnumber));
Query OK, 0 rows affected (0.53 sec)

mysql> Query OK, 0 rows affected (0.76 sec)

mysql> Describe department;
+----------------+--------------+------+-----+---------+-------+
| Field          | Type         | Null | Key | Default | Extra |
+----------------+--------------+------+-----+---------+-------+
| dname          | varchar(255) | NO   |     | NULL    |       |
| dnumber        | int(11)      | NO   | PRI | NULL    |       |
| Mgr_Ssn        | char(9)      | NO   |     | NULL    |       |
| Mgr_start_date | date         | YES  |     | NULL    |       |
+----------------+--------------+------+-----+---------+-------+
4 rows in set (0.00 sec)

mysql> CREATE TABLE dept_locations (dnumber int NOT NULL,dlocation varchar(255) NOT NULL,PRIMARY KEY (dnumber,dlocation));
Query OK, 0 rows affected (1.11 sec)

mysql> Describe dept_locations;
+-----------+--------------+------+-----+---------+-------+
| Field     | Type         | Null | Key | Default | Extra |
+-----------+--------------+------+-----+---------+-------+
| dnumber   | int(11)      | NO   | PRI | NULL    |       |
| dlocation | varchar(255) | NO   | PRI | NULL    |       |
+-----------+--------------+------+-----+---------+-------+
2 rows in set (0.00 sec)

mysql> CREATE TABLE project (pname varchar(255) NOT NULL,pnumber int NOT NULL,plocation varchar(15),dnum int NOT NULL,PRIMARY KEY (pnumber));
Query OK, 0 rows affected (0.44 sec)

mysql> Describe project;
+-----------+--------------+------+-----+---------+-------+
| Field     | Type         | Null | Key | Default | Extra |
+-----------+--------------+------+-----+---------+-------+
| pname     | varchar(255) | NO   |     | NULL    |       |
| pnumber   | int(11)      | NO   | PRI | NULL    |       |
| plocation | varchar(15)  | YES  |     | NULL    |       |
| dnum      | int(11)      | NO   |     | NULL    |       |
+-----------+--------------+------+-----+---------+-------+
4 rows in set (0.01 sec)

mysql> CREATE TABLE works_on (Essn char(9) NOT NULL,pno int NOT NULL,hours decimal(3,1) NOT NUll,PRIMARY KEY (Essn,pno));
Query OK, 0 rows affected (0.33 sec)

mysql> Describe works_on;
+-------+--------------+------+-----+---------+-------+
| Field | Type         | Null | Key | Default | Extra |
+-------+--------------+------+-----+---------+-------+
| Essn  | char(9)      | NO   | PRI | NULL    |       |
| pno   | int(11)      | NO   | PRI | NULL    |       |
| hours | decimal(3,1) | NO   |     | NULL    |       |
+-------+--------------+------+-----+---------+-------+
3 rows in set (0.00 sec)

////////////////DATA ENTRY TO TABLES///////////////////////////////////////////////////////////////////////////////////////////////////////////////////////////////////////////////////////////////////////////////////////////////////////////////////////////////////////////////

mysql> LOAD DATA LOCAL INFILE 'employee.txt' INTO TABLE employee FIELDS TERMINATED BY ', ' ENCLOSED BY '''' LINES TERMINATED BY '\n' (fname,minit,lname,ssn,@var1,address,sex,salary,super_ssn,dno) SET bdate = STR_TO_DATE(@var1,'%d-%b-%Y');
Query OK, 71 rows affected (0.14 sec)
Records: 71  Deleted: 0  Skipped: 0  Warnings: 0

mysql> select * from employee;
+-----------+-------+-----------+-----------+------------+--------------------------------+------+----------+-----------+-----+
| fname     | minit | lname     | Ssn       | Bdate      | address                        | sex  | salary   | Super_ssn | dno |
+-----------+-------+-----------+-----------+------------+--------------------------------+------+----------+-----------+-----+
| Alex      | C     | Yu        | 001614905 | 1980-10-17 | 626 Mary St,Dallas,TX          | M    | 50000.00 | 444444400 |   6 |
| Lisa      | G     | House     | 101248268 | 1975-06-29 | 12 Maple St,Austin,TX          | F    | 85000.00 | null      |   7 |
| Sunil     | D     | Gupta     | 110110110 | 2001-02-01 | 4312 Bowen Rd,Arlington,TX     | M    | 80000.00 | 111111100 |   3 |
| Jared     | D     | James     | 111111100 | 1966-10-10 | 123 Peachtr,Atlanta,GA         | M    | 85000.00 | null      |   6 |
| Jon       | C     | Jones     | 111111101 | 1967-11-14 | 111 Allgood,Atlanta,GA         | M    | 45000.00 | 111111100 |   6 |
| Justin    | j     | Mark      | 111111102 | 1966-01-12 | 2342 May,Atlanta,GA            | M    | 40000.00 | 111111100 |   6 |
| Brad      | C     | Knight    | 111111103 | 1968-02-13 | 176 Main St.,Atlanta,GA        | M    | 44000.00 | 111111100 |   6 |
| Cameron   | D     | Thirteen  | 111422203 | 2001-05-04 | 22 Univ Blvd,Arlington,TX      | F    | 80000.00 | 987987987 |   4 |
| Juan      | G     | Linda     | 112244668 | 1965-06-23 | 1210 Apple St,Austin,TX        | F    | 55000.00 | null      |   9 |
| Johny     | C     | Smith     | 122344668 | 1972-01-26 | 1221 Diploma Dr.,Arlington,TX  | M    | 65000.00 | 999999999 |   9 |
| John      | B     | Smith     | 123456789 | 1955-01-09 | 731 Fondren,Houston,TX         | M    | 30000.00 | 333445555 |   5 |
| Debra     | T     | Hall      | 202843824 | 1983-03-11 | 45 NY St,Rochester,NY          | F    | 30000.00 | 555555501 |   6 |
| Richard   | T     | Koelbel   | 214370999 | 1976-04-03 | 50 Elk St,Chicago,IL           | M    | 85000.00 | 999999999 |   4 |
| Evan      | E     | Wallis    | 222222200 | 1958-01-16 | 134 Pelham,Milwaukee,WI        | M    | 92000.00 | null      |   7 |
| Josh      | U     | Zell      | 222222201 | 1954-05-22 | 266 McGrady,Milwaukee,WI       | M    | 56000.00 | 222222200 |   7 |
| Andy      | C     | Vile      | 222222202 | 1944-06-21 | 1967 Jordan,Milwaukee,WI       | M    | 53000.00 | 222222200 |   7 |
| Tom       | G     | Brand     | 222222203 | 1966-12-16 | 112 Third St,Milwaukee,WI      | M    | 62500.00 | 222222200 |   7 |
| Jenny     | F     | Vos       | 222222204 | 1967-11-11 | 263 Mayberry,Milwaukee,WI      | F    | 61000.00 | 222222201 |   7 |
| Chris     | A     | Carter    | 222222205 | 1960-03-21 | 565 Jordan,Milwaukee,WI        | F    | 43000.00 | 222222201 |   7 |
| John      | T     | Ed        | 222333444 | 1981-02-18 | 4505 West St,Rochester,NY      | M    | 30000.00 | 555555501 |   6 |
| Jennifer  | A     | Joy       | 223344667 | 1976-05-19 | 1204 Main St,Miami,FL          | F    | 45000.00 | 666666613 |   8 |
| willie    | D     | Mary      | 234234234 | 1961-12-20 | 101 South St,Arlington,TX      | F    | 12000.00 | 112244668 |   9 |
| Christina | S     | Hisel     | 241625699 | 1986-07-05 | 37 Church Row,Rochester,NY     | F    | 45000.00 | 123456789 |   6 |
| Erin      | A     | Maxfield  | 242535609 | 1971-12-22 | 123 Copper St,Arlington,TX     | F    | 72000.00 | 555555500 |   8 |
| Wilson    | A     | Holmes    | 242916639 | 1971-06-02 | 21 South Co,Arlington,TX       | M    | 72500.00 | 555555500 |   4 |
| Jake      | D     | Sheen     | 245239264 | 1954-12-25 | 20 North Co,Arlington,TX       | M    | 52000.00 | 112244668 |   6 |
| Megan     | G     | Jones     | 254937381 | 1961-03-02 | 528 Stone CT,Chicago,IL        | F    | 62000.00 | 666666600 |   8 |
| Jisha     | A     | Carpenter | 292740167 | 1985-05-29 | 194 Beachdr,Miami,FL           | F    | 15000.00 | 666666613 |   1 |
| Kim       | C     | Grace     | 333333300 | 1970-10-23 | 667 Mills Ave,Sacramento,CA    | F    | 79000.00 | null      |   6 |
| Jeff      | H     | Chase     | 333333301 | 1970-01-07 | 15 Bradbury,Sacramento,CA      | M    | 44000.00 | 333333300 |   6 |
| Franklin  | T     | Wong      | 333445555 | 1945-12-08 | 638 Voss,Houston,TX            | M    | 40000.00 | 888665555 |   5 |
| Jose      | H     | Barbara   | 343434344 | 1955-02-28 | 905 East St,Kleen,TX           | F    | 35000.00 | 444444400 |   6 |
| Leonard   | H     | Moody     | 349273344 | 1973-02-09 | 908 Greek Row,Austin,TX        | M    | 45000.00 | 444444400 |   7 |
| Percy     | M     | Liang     | 398172999 | 1991-06-12 | 14 Maple St,Austin,TX          | M    | 55000.00 | null      |   9 |
| Cindy     | K     | Burklow   | 432765098 | 1984-02-23 | 2015 Neil Ave,Miami,FL         | F    | 45000.00 | 444444402 |   6 |
| Gregory   | G     | Laurie    | 444212096 | 1969-09-15 | 78 Tree Cir,Houston,TX         | M    | 90000.00 | 444444400 |   7 |
| Kim       | G     | Ted       | 444222666 | 1968-04-15 | 3648 Tree Cir,Austin,TX        | M    | 50000.00 | 999999999 |   9 |
| Alex      | D     | Freed     | 444444400 | 1950-10-09 | 4333 Pillsbury,Milwaukee,WI    | M    | 89000.00 | null      |   7 |
| Bonnie    | S     | Bays      | 444444401 | 1956-06-19 | 111 Hollow,Milwaukee,WI        | F    | 70000.00 | 444444400 |   7 |
| Alec      | C     | Best      | 444444402 | 1966-06-18 | 233 Solid,Milwaukee,WI         | M    | 60000.00 | 444444400 |   7 |
| Sam       | S     | Snedden   | 444444403 | 1977-07-31 | 97 Windy St,Milwaukee,WI       | M    | 48000.00 | 444444400 |   7 |
| Joyce     | A     | English   | 453453453 | 1962-07-31 | 5631 Rice Oak,Houston,TX       | F    | 25000.00 | 333445555 |   5 |
| John      | C     | James     | 555555500 | 1975-06-30 | 766 Bloomington,Sacramento,CA  | M    | 81000.00 | null      |   8 |
| Nandita   | K     | Ball      | 555555501 | 1969-04-16 | 222 Howard,Sacramento,CA       | M    | 62000.00 | 555555500 |   6 |
| Andrea    | M     | Sondrini  | 614370310 | 1996-12-30 | 1450 Worthington St,Houston,TX | F    | 65000.00 | 444444401 |   5 |
| Michael   | A     | Morgan    | 636669233 | 1984-05-11 | 26 Sunset Blvd,Miami,FL        | M    | 73500.00 | 666666612 |   5 |
| Bob       | B     | Bender    | 666666600 | 1968-04-17 | 8794 Garfield,Chicago,IL       | M    | 96000.00 | null      |   8 |
| Jill      | J     | Jarvis    | 666666601 | 1966-01-14 | 6234 Lincoln,Chicago,IL        | F    | 36000.00 | 666666600 |   9 |
| Kate      | W     | King      | 666666602 | 1966-04-16 | 1976 Boone Trace,Chicago,IL    | F    | 44000.00 | 666666600 |   8 |
| Lyle      | G     | Leslie    | 666666603 | 1963-06-09 | 417 Hancock Ave,Chicago,IL     | M    | 41000.00 | 666666601 |   8 |
| Billie    | J     | King      | 666666604 | 1960-01-01 | 556 Washington,Chicago,IL      | F    | 38000.00 | 666666603 |   8 |
| Jon       | A     | Kramer    | 666666605 | 1964-08-22 | 1988 Windy Creek,Seattle,WA    | M    | 41500.00 | 666666603 |   8 |
| Ray       | H     | King      | 666666606 | 1949-08-16 | 213 Delk Road,Seattle,WA       | M    | 44500.00 | 666666604 |   9 |
| Gerald    | D     | Small     | 666666607 | 1962-05-15 | 122 Ball Street,Dallas,TX      | M    | 29000.00 | 666666602 |   8 |
| Arnold    | A     | Head      | 666666608 | 1967-05-19 | 233 Spring St,Dallas,TX        | M    | 33000.00 | 666666602 |   8 |
| Helga     | C     | Pataki    | 666666609 | 1969-03-11 | 101 Holyoke St,Dallas,TX       | F    | 32000.00 | 666666602 |   8 |
| Naveen    | B     | Drew      | 666666610 | 1970-05-23 | 198 Elm St,Philadelphia,PA     | M    | 34000.00 | 666666607 |   8 |
| Carl      | E     | Reedy     | 666666611 | 1977-06-21 | 213 Ball St,Philadelphia,PA    | M    | 32000.00 | 666666610 |   8 |
| Sammy     | G     | Hall      | 666666612 | 1970-01-11 | 433 Main Street,Miami,FL       | M    | 37000.00 | 666666611 |   8 |
| Red       | A     | Bacher    | 666666613 | 1980-05-21 | 196 Elm Street,Miami,FL        | M    | 33500.00 | 666666612 |   8 |
| Ramesh    | K     | Narayan   | 666884444 | 1952-09-15 | 971 Fire Oak,Humble,TX         | M    | 38000.00 | 333445555 |   5 |
| Penny     | G     | Wolowitz  | 673466642 | 1974-01-21 | 42 South Blvd,Miami,FL         | F    | 17000.00 | 222333444 |   6 |
| Sheldon   | C     | Cucuou    | 849934919 | 1974-03-22 | 11 Hollywood Blvd,Dallas,TX    | M    | 35500.00 | 888665555 |   8 |
| James     | E     | Borg      | 888665555 | 1927-11-10 | 450 Stone,Houston,TX           | M    | 55000.00 | null      |   1 |
| James     | U     | Miller    | 906218888 | 1978-05-27 | 13 Fifth St,Seattle,WA         | M    | 75000.00 | 999999999 |   5 |
| Joseph    | K     | Kirkish   | 913323708 | 1996-03-04 | 22 UT Blvd,Austin,TX           | M    | 95000.00 | null      |   7 |
| Zach      | A     | Geller    | 913353347 | 1990-08-15 | 333 PikeWay,Seattle,WA         | M    | 55000.00 | 444444403 |   6 |
| Jennifer  | S     | Wallace   | 987654321 | 1931-06-20 | 291 Berry,Bellaire,TX          | F    | 43000.00 | 888665555 |   4 |
| Ahmad     | V     | Jabbar    | 987987987 | 1959-03-29 | 980 Dallas,Houston,TX          | M    | 25000.00 | 987654321 |   4 |
| Alicia    | J     | Zelaya    | 999887777 | 1958-07-19 | 3321 Castle,Spring,TX          | F    | 25000.00 | 987654321 |   4 |
| Roy       | C     | Lewallen  | 999999999 | 1977-03-02 | 14 Wynncrest Street,Dallas,TX  | M    | 75500.00 | 666666600 |   8 |
+-----------+-------+-----------+-----------+------------+--------------------------------+------+----------+-----------+-----+
71 rows in set (0.00 sec)

mysql> LOAD DATA LOCAL INFILE 'department.txt' INTO TABLE department FIELDS TERMINATED BY ', ' ENCLOSED BY '''' LINES TERMINATED BY '\n' (dname,dnumber,Mgr_ssn,@var1) SET Mgr_start_date = STR_TO_DATE(@var1,'%d-%b-%Y');
Query OK, 5 rows affected, 8 warnings (0.12 sec)
Records: 5  Deleted: 0  Skipped: 0  Warnings: 8

mysql> select * from department;
+--------------+---------+-----------+----------------+
| dname        | dnumber | Mgr_Ssn   | Mgr_start_date |
+--------------+---------+-----------+----------------+
| Headquarters |       1 | 888665555 | 1971-06-19     |
| Research     |       5 | 333445555 | 1978-05-22     |
| Hardware     |       7 | 444444400 | 1998-05-15     |
| HR           |       9 | 112244668 | 1989-02-01     |
| QA           |      11 | 913323708 | 2010-02-02     |
+--------------+---------+-----------+----------------+
5 rows in set (0.00 sec)

mysql> LOAD DATA LOCAL INFILE 'dept_locations.txt' INTO TABLE dept_locations FIELDS TERMINATED BY ', '  LINES TERMINATED BY '\n' (dnumber,dlocation);
Query OK, 15 rows affected (0.11 sec)
Records: 15  Deleted: 0  Skipped: 0  Warnings: 0

mysql> select * from dept_locations;
+---------+----------------+
| dnumber | dlocation      |
+---------+----------------+
|       1 | 'Houston'      |
|       4 | 'Stafford'     |
|       5 | 'Bellaire'     |
|       5 | 'Houston'      |
|       5 | 'Sugarland'    |
|       6 | 'Atlanta'      |
|       6 | 'Sacramento'   |
|       7 | 'Milwaukee'    |
|       8 | 'Chicago'      |
|       8 | 'Dallas'       |
|       8 | 'Miami'        |
|       8 | 'Philadephia'  |
|       8 | 'Seattle'      |
|       9 | 'Arlington'    |
|      11 | 'Austin'       |
+---------+----------------+
15 rows in set (0.00 sec)

mysql> LOAD DATA LOCAL INFILE 'project.txt' INTO TABLE project FIELDS TERMINATED BY ', '  LINES TERMINATED BY '\n' (pname,pnumber,plocation,dnum);
Query OK, 18 rows affected (0.09 sec)
Records: 18  Deleted: 0  Skipped: 0  Warnings: 0

mysql> select * from project;
+-------------------+---------+--------------+------+
| pname             | pnumber | plocation    | dnum |
+-------------------+---------+--------------+------+
| 'ProductX'        |       1 | 'Bellaire'   |    5 |
| 'ProductY'        |       2 | 'Sugarland'  |    5 |
| 'ProductZ'        |       3 | 'Houston'    |    5 |
| 'EntityAnnot'     |       4 | 'Houston'    |    5 |
| 'Computerization' |      10 | 'Stafford'   |    4 |
| 'ConfigMgmt'      |      11 | 'Atlanta'    |    6 |
| 'DataMining'      |      13 | 'Sacramento' |    6 |
| 'Reorganization'  |      20 | 'Houston'    |    1 |
| 'SearchEngine'    |      22 | 'Arlington'  |    6 |
| 'MotherBoard'     |      29 | 'Milwaukee'  |    7 |
| 'Newbenefits'     |      30 | 'Stafford'   |    4 |
| 'OperatingSystem' |      61 | 'Sacramento' |    6 |
| 'DatabaseSystems' |      62 | 'Atlanta'    |    6 |
| 'Middleware'      |      63 | 'Atlanta'    |    6 |
| 'Advertizing'     |      70 | 'Arlington'  |    9 |
| 'InkjetPrinters'  |      91 | 'Milwaukee'  |    7 |
| 'LaserPrinters'   |      92 | 'Milwaukee'  |    7 |
| 'Human1'          |      95 | 'Arlington'  |    9 |
+-------------------+---------+--------------+------+
18 rows in set (0.00 sec)


mysql> LOAD DATA LOCAL INFILE 'works_on.txt' INTO TABLE works_on FIELDS TERMINATED BY ',' enclosed by '''' LINES TERMINATED BY '\n' (Essn,pno,hours);
Query OK, 95 rows affected (0.18 sec)
Records: 95  Deleted: 0  Skipped: 0  Warnings: 0

mysql> select * from works_on;
+-----------+-----+-------+
| Essn      | pno | hours |
+-----------+-----+-------+
| 001614905 |  13 |  18.0 |
| 101248268 |  29 |  10.0 |
| 111111100 |  61 |  40.0 |
| 111111101 |  61 |  40.0 |
| 111111102 |  61 |  40.0 |
| 111111103 |  61 |  40.0 |
| 111422203 |   4 |  45.0 |
| 112244668 |  95 |  40.0 |
| 122344668 |   3 |  10.0 |
| 122344668 |  20 |  10.0 |
| 122344668 |  30 |  25.0 |
| 123456789 |   1 |  32.5 |
| 123456789 |   2 |   7.5 |
| 202843824 |  11 |  20.0 |
| 214370999 |  10 |  35.0 |
| 222222200 |  62 |  40.0 |
| 222222201 |  62 |  48.0 |
| 222222202 |  62 |  40.0 |
| 222222203 |  62 |  40.0 |
| 222222204 |  62 |  40.0 |
| 222222205 |  62 |  40.0 |
| 222333444 |  91 |  10.0 |
| 223344667 |  63 |  20.0 |
| 234234234 |  95 |  35.0 |
| 241625699 |  61 |   4.0 |
| 242535609 |  62 |  20.0 |
| 242535609 |  70 |  20.0 |
| 242916639 |   4 |   5.0 |
| 242916639 |  11 |  20.0 |
| 245239264 |  10 |  25.0 |
| 245239264 |  11 |  25.0 |
| 254937381 |  70 |  40.0 |
| 292740167 |   1 |  25.0 |
| 333333300 |  63 |  40.0 |
| 333333301 |  63 |  46.0 |
| 333445555 |   2 |  10.0 |
| 333445555 |   3 |  10.0 |
| 333445555 |  10 |  10.0 |
| 333445555 |  20 |  10.0 |
| 343434344 |  63 |  40.0 |
| 349273344 |  29 |  15.0 |
| 398172999 |  70 |  10.0 |
| 432765098 |  63 |  25.0 |
| 444212096 |  63 |  25.0 |
| 444222666 |  62 |  25.0 |
| 444444400 |  91 |  40.0 |
| 444444401 |  91 |  40.0 |
| 444444402 |  91 |  40.0 |
| 444444403 |  91 |  40.0 |
| 453453453 |   1 |  20.0 |
| 453453453 |   2 |  20.0 |
| 555555500 |  92 |  40.0 |
| 555555501 |  92 |  44.0 |
| 614370310 |   3 |  45.0 |
| 636669233 |   4 |  11.0 |
| 666666601 |  91 |  40.0 |
| 666666603 |  91 |  40.0 |
| 666666604 |  91 |  40.0 |
| 666666605 |  92 |  40.0 |
| 666666606 |  91 |  40.0 |
| 666666607 |  61 |  40.0 |
| 666666608 |  62 |  40.0 |
| 666666609 |  63 |  40.0 |
| 666666610 |  61 |  40.0 |
| 666666611 |  61 |  40.0 |
| 666666612 |  61 |  40.0 |
| 666666613 |  61 |  30.0 |
| 666666613 |  62 |  10.0 |
| 666666613 |  63 |  10.0 |
| 666884444 |   3 |  40.0 |
| 673466642 |  22 |   4.0 |
| 849934919 |  95 |  23.0 |
| 888665555 |  20 |   5.0 |
| 906218888 |  29 |  15.0 |
| 913323708 |  92 |  33.0 |
| 913353347 |  22 |  30.0 |
| 987654321 |  20 |  15.0 |
| 987654321 |  30 |  20.0 |
| 987987987 |  10 |  35.0 |
| 987987987 |  30 |   5.0 |
| 999887777 |  10 |  10.0 |
| 999887777 |  30 |  30.0 |
| 999999999 |   1 |   2.0 |
| 999999999 |   2 |   2.0 |
| 999999999 |   3 |   4.0 |
| 999999999 |  10 |   4.0 |
| 999999999 |  20 |   4.0 |
| 999999999 |  30 |   4.0 |
| 999999999 |  61 |   4.0 |
| 999999999 |  62 |   4.0 |
| 999999999 |  63 |   4.0 |
| 999999999 |  70 |   2.0 |
| 999999999 |  91 |   2.0 |
| 999999999 |  92 |   1.0 |
| 999999999 |  95 |   3.0 |
+-----------+-----+-------+
95 rows in set (0.00 sec)

////////////////TURNING OFF FORIEGN KEY CONSTRAINT CHECK///////////////////////////////////////////////////////////////////////////////////////////////////////////////////////////////////////////////////////////////////////////

mysql> SET foreign_key_checks = 0;
Query OK, 0 rows affected (0.00 sec)


////////////////ADDING FOREIGN KEYS TO TABLES/////////////////////////////////////////////////////////////////////////////////////////////////////////////////////////////////////////////////////////////////////////////////////

mysql> Alter table employee  ADD CONSTRAINT FK_employeessn foreign key(Super_ssn) references employee(ssn);
Query OK, 0 rows affected (0.34 sec)
Records: 0  Duplicates: 0  Warnings: 0

mysql> alter table employee add constraint FK_employeedepartmentdno foreign key(dno) references department(dnumber);
Query OK, 0 rows affected (0.37 sec)
Records: 0  Duplicates: 0  Warnings: 0

mysql> describe employee;
+-----------+---------------+------+-----+---------+-------+
| Field     | Type          | Null | Key | Default | Extra |
+-----------+---------------+------+-----+---------+-------+
| fname     | varchar(255)  | NO   |     | NULL    |       |
| minit     | char(1)       | YES  |     | NULL    |       |
| lname     | varchar(255)  | NO   |     | NULL    |       |
| Ssn       | char(9)       | NO   | PRI | NULL    |       |
| Bdate     | date          | YES  |     | NULL    |       |
| address   | varchar(255)  | YES  |     | NULL    |       |
| sex       | char(1)       | YES  |     | NULL    |       |
| salary    | decimal(10,2) | YES  |     | NULL    |       |
| Super_ssn | char(9)       | NO   | MUL | NULL    |       |
| dno       | int(11)       | NO   | MUL | NULL    |       |
+-----------+---------------+------+-----+---------+-------+
10 rows in set (0.07 sec)

mysql> alter table department add constraint FK_departmentemployeessn foreign key(Mgr_ssn) references employee(ssn);
Query OK, 0 rows affected (0.42 sec)
Records: 0  Duplicates: 0  Warnings: 0

mysql> describe department;
+----------------+--------------+------+-----+---------+-------+
| Field          | Type         | Null | Key | Default | Extra |
+----------------+--------------+------+-----+---------+-------+
| dname          | varchar(255) | NO   |     | NULL    |       |
| dnumber        | int(11)      | NO   | PRI | NULL    |       |
| Mgr_Ssn        | char(9)      | NO   | MUL | NULL    |       |
| Mgr_start_date | date         | YES  |     | NULL    |       |
+----------------+--------------+------+-----+---------+-------+
4 rows in set (0.00 sec)

mysql> alter table dept_locations add constraint FK_dept_locationsdepartmentdno foreign key(dnumber) references department(dnumber);
Query OK, 0 rows affected (0.16 sec)
Records: 0  Duplicates: 0  Warnings: 0

mysql> describe dept_locations;
+-----------+--------------+------+-----+---------+-------+
| Field     | Type         | Null | Key | Default | Extra |
+-----------+--------------+------+-----+---------+-------+
| dnumber   | int(11)      | NO   | PRI | NULL    |       |
| dlocation | varchar(255) | NO   | PRI | NULL    |       |
+-----------+--------------+------+-----+---------+-------+
2 rows in set (0.00 sec)

mysql> alter table project add constraint FK_projectdepartmentdno foreign key(dnum) references department(dnumber);
Query OK, 0 rows affected (0.32 sec)
Records: 0  Duplicates: 0  Warnings: 0

mysql> describe project;
+-----------+--------------+------+-----+---------+-------+
| Field     | Type         | Null | Key | Default | Extra |
+-----------+--------------+------+-----+---------+-------+
| pname     | varchar(255) | NO   |     | NULL    |       |
| pnumber   | int(11)      | NO   | PRI | NULL    |       |
| plocation | varchar(15)  | YES  |     | NULL    |       |
| dnum      | int(11)      | NO   | MUL | NULL    |       |
+-----------+--------------+------+-----+---------+-------+
4 rows in set (0.00 sec)

mysql> alter table works_on add constraint FK_works_onemployeessn foreign key(essn) references employee(ssn);
Query OK, 0 rows affected (0.24 sec)
Records: 0  Duplicates: 0  Warnings: 0

mysql> alter table works_on add constraint FK_works_onprojectno foreign key(pno) references project(pnumber);
Query OK, 0 rows affected (0.35 sec)
Records: 0  Duplicates: 0  Warnings: 0

mysql> describe works_on;
+-------+--------------+------+-----+---------+-------+
| Field | Type         | Null | Key | Default | Extra |
+-------+--------------+------+-----+---------+-------+
| Essn  | char(9)      | NO   | PRI | NULL    |       |
| pno   | int(11)      | NO   | PRI | NULL    |       |
| hours | decimal(3,1) | NO   |     | NULL    |       |
+-------+--------------+------+-----+---------+-------+
3 rows in set (0.00 sec)

////////////////TURNING ON FORIEGN KEY CONSTRAINT CHECK/////////////////////////////////////////////////////////////////////////////////////////////////////////////////////////////////////////////////////

mysql> SET foreign_key_checks = 1;
Query OK, 0 rows affected (0.00 sec)

mysql> Terminal close -- exit!
