//////////////////////////////////////////////////////////////////////////////////////////////////////////////////////////////////////////////////////////////////////////////////////////////////////////////////////////////////////////////////////////////////////////////////
///////       Name: Naga Sri Rama Yashwanth Thota                   //////////////////////////////////////////////////////////////////////////////////////////////////////////////////////////////////////////////////////////////////////////////////////////////////////////////
///////       UTAID:1001507395                                      //////////////////////////////////////////////////////////////////////////////////////////////////////////////////////////////////////////////////////////////////////////////////////////////////////////////
//////////////////////////////////////////////////////////////////////////////////////////////////////////////////////////////////////////////////////////////////////////////////////////////////////////////////////////////////////////////////////////////////////////////////
//////////////////////////////////////////////////////////////////////////////////////////////////////////////////////////////////////////////////////////////////////////////////////////////////////////////////////////////////////////////////////////////////////////////////
///////       4.)SQL Queries                                        //////////////////////////////////////////////////////////////////////////////////////////////////////////////////////////////////////////////////////////////////////////////////////////////////////////////
///////                                                             //////////////////////////////////////////////////////////////////////////////////////////////////////////////////////////////////////////////////////////////////////////////////////////////////////////////
//////////////////////////////////////////////////////////////////////////////////////////////////////////////////////////////////////////////////////////////////////////////////////////////////////////////////////////////////////////////////////////////////////////////////



//////////////////////////////////////////////////////////////////////////////////////////////////////////////////////////////////////////////////////////////////////////////////////////////////////////////////////////////////////////////////////////////////////////////////
1.) Select all the attributes for all employees whose last name is 'Jones' or ‘James’


mysql> select * from employee where lname ='Jones' or lname='james';
+-------+-------+-------+-----------+------------+-------------------------------+------+----------+-----------+-----+
| fname | minit | lname | Ssn       | Bdate      | address                       | sex  | salary   | Super_ssn | dno |
+-------+-------+-------+-----------+------------+-------------------------------+------+----------+-----------+-----+
| Jared | D     | James | 111111100 | 1966-10-10 | 123 Peachtr,Atlanta,GA        | M    | 85000.00 | null      |   6 |
| Jon   | C     | Jones | 111111101 | 1967-11-14 | 111 Allgood,Atlanta,GA        | M    | 45000.00 | 111111100 |   6 |
| Megan | G     | Jones | 254937381 | 1961-03-02 | 528 Stone CT,Chicago,IL       | F    | 62000.00 | 666666600 |   8 |
| John  | C     | James | 555555500 | 1975-06-30 | 766 Bloomington,Sacramento,CA | M    | 81000.00 | null      |   8 |
+-------+-------+-------+-----------+------------+-------------------------------+------+----------+-----------+-----+
4 rows in set (0.00 sec)
//////////////////////////////////////////////////////////////////////////////////////////////////////////////////////////////////////////////////////////////////////////////////////////////////////////////////////////////////////////////////////////////////////////////////
2.) Select all the attributes for all employees whose first name is 'Kim' or ‘Wilson’.


mysql> select * from employee where fname ='Kim' or fname='Wilson';
+--------+-------+--------+-----------+------------+-----------------------------+------+----------+-----------+-----+
| fname  | minit | lname  | Ssn       | Bdate      | address                     | sex  | salary   | Super_ssn | dno |
+--------+-------+--------+-----------+------------+-----------------------------+------+----------+-----------+-----+
| Wilson | A     | Holmes | 242916639 | 1971-06-02 | 21 South Co,Arlington,TX    | M    | 72500.00 | 555555500 |   4 |
| Kim    | C     | Grace  | 333333300 | 1970-10-23 | 667 Mills Ave,Sacramento,CA | F    | 79000.00 | null      |   6 |
| Kim    | G     | Ted    | 444222666 | 1968-04-15 | 3648 Tree Cir,Austin,TX     | M    | 50000.00 | 999999999 |   9 |
+--------+-------+--------+-----------+------------+-----------------------------+------+----------+-----------+-----+
3 rows in set (0.00 sec)
//////////////////////////////////////////////////////////////////////////////////////////////////////////////////////////////////////////////////////////////////////////////////////////////////////////////////////////////////////////////////////////////////////////////////
3.) Select the names and Ssn of employees who work on more than one project and count the total hours that the employees work on.  


mysql> select e.fname,e.lname,e.ssn,count(w.pno) no_of_projects,sum(w.hours) total_hours from employee as e,works_on as w where e.ssn=w.essn group by w.pno having count(w.pno)>1;
+----------+----------+-----------+----------------+-------------+
| fname    | lname    | ssn       | no_of_projects | total_hours |
+----------+----------+-----------+----------------+-------------+
| John     | Smith    | 123456789 |              4 |        79.5 |
| John     | Smith    | 123456789 |              4 |        39.5 |
| Johny    | Smith    | 122344668 |              5 |       109.0 |
| Cameron  | Thirteen | 111422203 |              3 |        61.0 |
| Richard  | Koelbel  | 214370999 |              6 |       119.0 |
| Debra    | Hall     | 202843824 |              3 |        65.0 |
| Johny    | Smith    | 122344668 |              5 |        44.0 |
| Penny    | Wolowitz | 673466642 |              2 |        34.0 |
| Lisa     | House    | 101248268 |              3 |        40.0 |
| Johny    | Smith    | 122344668 |              5 |        84.0 |
| Jared    | James    | 111111100 |             11 |       358.0 |
| Evan     | Wallis   | 222222200 |             11 |       347.0 |
| Jennifer | Joy      | 223344667 |              9 |       250.0 |
| Erin     | Maxfield | 242535609 |              4 |        72.0 |
| John     | Ed       | 222333444 |             10 |       332.0 |
| John     | James    | 555555500 |              5 |       158.0 |
| Juan     | Linda    | 112244668 |              4 |       101.0 |
+----------+----------+-----------+----------------+-------------+
17 rows in set (0.07 sec)
//////////////////////////////////////////////////////////////////////////////////////////////////////////////////////////////////////////////////////////////////////////////////////////////////////////////////////////////////////////////////////////////////////////////////
4.) For each DEPARTMENT, retrieve the department name, number and location, plus the total amount that those departments spend in their employees salaries.


mysql> select d.dname,d.dnumber,p.dlocation,sum(e.salary) from department as d,dept_locations as p, employee as e where d.dnumber=p.dnumber and e.dno=d.dnumber group by e.dno;
+----------------+---------+--------------+---------------+
| dname          | dnumber | dlocation    | sum(e.salary) |
+----------------+---------+--------------+---------------+
| Headquarters   |       1 | 'Houston'    |      70000.00 |
| Administration |       4 | 'Stafford'   |     330500.00 |
| Research       |       5 | 'Bellaire'   |    1039500.00 |
| Software       |       6 | 'Atlanta'    |    1516000.00 |
| Hardware       |       7 | 'Milwaukee'  |     949500.00 |
| Sales          |       8 | 'Chicago'    |    4310000.00 |
| HR             |       9 | 'Arlington'  |     317500.00 |
+----------------+---------+--------------+---------------+
7 rows in set (0.11 sec)
//////////////////////////////////////////////////////////////////////////////////////////////////////////////////////////////////////////////////////////////////////////////////////////////////////////////////////////////////////////////////////////////////////////////////
5.) For each PROJECT, retrieve the project name, number, and location plus the number of employees who works on the project.


mysql> select p.pname,p.pnumber,p.plocation,count(w.essn) no_of_employees from works_on as w,project as p where p.pnumber=w.pno group by pno;
+-------------------+---------+--------------+-----------------+
| pname             | pnumber | plocation    | no_of_employees |
+-------------------+---------+--------------+-----------------+
| 'ProductX'        |       1 | 'Bellaire'   |               4 |
| 'ProductY'        |       2 | 'Sugarland'  |               4 |
| 'ProductZ'        |       3 | 'Houston'    |               5 |
| 'EntityAnnot'     |       4 | 'Houston'    |               3 |
| 'Computerization' |      10 | 'Stafford'   |               6 |
| 'ConfigMgmt'      |      11 | 'Atlanta'    |               3 |
| 'DataMining'      |      13 | 'Sacramento' |               1 |
| 'Reorganization'  |      20 | 'Houston'    |               5 |
| 'SearchEngine'    |      22 | 'Arlington'  |               2 |
| 'MotherBoard'     |      29 | 'Milwaukee'  |               3 |
| 'Newbenefits'     |      30 | 'Stafford'   |               5 |
| 'OperatingSystem' |      61 | 'Sacramento' |              11 |
| 'DatabaseSystems' |      62 | 'Atlanta'    |              11 |
| 'Middleware'      |      63 | 'Atlanta'    |               9 |
| 'Advertizing'     |      70 | 'Arlington'  |               4 |
| 'InkjetPrinters'  |      91 | 'Milwaukee'  |              10 |
| 'LaserPrinters'   |      92 | 'Milwaukee'  |               5 |
| 'Human1'          |      95 | 'Arlington'  |               4 |
+-------------------+---------+--------------+-----------------+
18 rows in set (0.00 sec)
//////////////////////////////////////////////////////////////////////////////////////////////////////////////////////////////////////////////////////////////////////////////////////////////////////////////////////////////////////////////////////////////////////////////////
6.) For each employee who works in department 5 on a project in Houston, retrieve the employee’s Ssn, first and last names, and the project number, name, and hours for each project that the employee works on


mysql> select e.ssn,e.fname,e.lname,p.pnumber,p.pname,w.hours from employee as e,project as p,works_on as w where e.ssn=w.essn and w.pno=p.pnumber and p.dnum=5 and p.plocation like '%houston%';
+-----------+----------+----------+---------+---------------+-------+
| ssn       | fname    | lname    | pnumber | pname         | hours |
+-----------+----------+----------+---------+---------------+-------+
| 122344668 | Johny    | Smith    |       3 | 'ProductZ'    |  10.0 |
| 333445555 | Franklin | Wong     |       3 | 'ProductZ'    |  10.0 |
| 614370310 | Andrea   | Sondrini |       3 | 'ProductZ'    |  45.0 |
| 666884444 | Ramesh   | Narayan  |       3 | 'ProductZ'    |  40.0 |
| 999999999 | Roy      | Lewallen |       3 | 'ProductZ'    |   4.0 |
| 111422203 | Cameron  | Thirteen |       4 | 'EntityAnnot' |  45.0 |
| 242916639 | Wilson   | Holmes   |       4 | 'EntityAnnot' |   5.0 |
| 636669233 | Michael  | Morgan   |       4 | 'EntityAnnot' |  11.0 |
+-----------+----------+----------+---------+---------------+-------+
8 rows in set (0.00 sec)
//////////////////////////////////////////////////////////////////////////////////////////////////////////////////////////////////////////////////////////////////////////////////////////////////////////////////////////////////////////////////////////////////////////////////
7.) Retrieve the last name and first name of all employees who work more than 40 hours per week total (on all their projects).


mysql> select s.fname,s.lname from employee as s, works_on as w where s.ssn=w.essn group by w.essn having sum(hours) > 40;
+---------+----------+
| fname   | lname    |
+---------+----------+
| Cameron | Thirteen |
| Johny   | Smith    |
| Josh    | Zell     |
| Jake    | Sheen    |
| Jeff    | Chase    |
| Nandita | Ball     |
| Andrea  | Sondrini |
| Red     | Bacher   |
+---------+----------+
8 rows in set (0.00 sec)
//////////////////////////////////////////////////////////////////////////////////////////////////////////////////////////////////////////////////////////////////////////////////////////////////////////////////////////////////////////////////////////////////////////////////
8.) Select the first and last name of each employee who is a supervisor, plus count the total number of employees directly supervised by each supervisor.


mysql> select e.fname,e.lname,count(e.fname) no_of_employees from employee as e, employee as d where d.super_ssn=e.ssn group by d.super_ssn;
+----------+----------+-----------------+
| fname    | lname    | no_of_employees |
+----------+----------+-----------------+
| Jared    | James    |               4 |
| Juan     | Linda    |               2 |
| John     | Smith    |               1 |
| Evan     | Wallis   |               3 |
| Josh     | Zell     |               2 |
| John     | Ed       |               1 |
| Kim      | Grace    |               1 |
| Franklin | Wong     |               3 |
| Alex     | Freed    |               7 |
| Bonnie   | Bays     |               1 |
| Alec     | Best     |               1 |
| Sam      | Snedden  |               1 |
| John     | James    |               3 |
| Nandita  | Ball     |               2 |
| Bob      | Bender   |               4 |
| Jill     | Jarvis   |               1 |
| Kate     | King     |               3 |
| Lyle     | Leslie   |               2 |
| Billie   | King     |               1 |
| Gerald   | Small    |               1 |
| Naveen   | Drew     |               1 |
| Carl     | Reedy    |               1 |
| Sammy    | Hall     |               2 |
| Red      | Bacher   |               2 |
| James    | Borg     |               3 |
| Jennifer | Wallace  |               2 |
| Ahmad    | Jabbar   |               1 |
| Roy      | Lewallen |               4 |
+----------+----------+-----------------+
28 rows in set (0.08 sec)
//////////////////////////////////////////////////////////////////////////////////////////////////////////////////////////////////////////////////////////////////////////////////////////////////////////////////////////////////////////////////////////////////////////////////
9.) For each project, retrieve the project name and the total hours that employees work on that project per week.


mysql> select p.pname,sum(w.hours) total_hours from project as p,works_on as w where p.pnumber=w.pno group by pno;
+-------------------+-------------+
| pname             | total_hours |
+-------------------+-------------+
| 'ProductX'        |        79.5 |
| 'ProductY'        |        39.5 |
| 'ProductZ'        |       109.0 |
| 'EntityAnnot'     |        61.0 |
| 'Computerization' |       119.0 |
| 'ConfigMgmt'      |        65.0 |
| 'DataMining'      |        18.0 |
| 'Reorganization'  |        44.0 |
| 'SearchEngine'    |        34.0 |
| 'MotherBoard'     |        40.0 |
| 'Newbenefits'     |        84.0 |
| 'OperatingSystem' |       358.0 |
| 'DatabaseSystems' |       347.0 |
| 'Middleware'      |       250.0 |
| 'Advertizing'     |        72.0 |
| 'InkjetPrinters'  |       332.0 |
| 'LaserPrinters'   |       158.0 |
| 'Human1'          |       101.0 |
+-------------------+-------------+
18 rows in set (0.01 sec)
//////////////////////////////////////////////////////////////////////////////////////////////////////////////////////////////////////////////////////////////////////////////////////////////////////////////////////////////////////////////////////////////////////////////////
mysql> notee;
