//////////////////////////////////////////////////////////////////////////////////////////////////////////////////////////////////////////////////////////////////////////////////////////////////////////////////////////////////////////////////////////////////////////////////
///////       Name: Naga Sri Rama Yashwanth Thota                   //////////////////////////////////////////////////////////////////////////////////////////////////////////////////////////////////////////////////////////////////////////////////////////////////////////////
///////       UTAID:1001507395                                      //////////////////////////////////////////////////////////////////////////////////////////////////////////////////////////////////////////////////////////////////////////////////////////////////////////////
//////////////////////////////////////////////////////////////////////////////////////////////////////////////////////////////////////////////////////////////////////////////////////////////////////////////////////////////////////////////////////////////////////////////////
//////////////////////////////////////////////////////////////////////////////////////////////////////////////////////////////////////////////////////////////////////////////////////////////////////////////////////////////////////////////////////////////////////////////////
///////       7.) 3 Insert Operation without violation              //////////////////////////////////////////////////////////////////////////////////////////////////////////////////////////////////////////////////////////////////////////////////////////////////////////////
///////                                                             //////////////////////////////////////////////////////////////////////////////////////////////////////////////////////////////////////////////////////////////////////////////////////////////////////////////
//////////////////////////////////////////////////////////////////////////////////////////////////////////////////////////////////////////////////////////////////////////////////////////////////////////////////////////////////////////////////////////////////////////////////


//////////////////////////////////////////////////////////////////////////////////////////////////////////////////////////////////////////////////////////////////////////////////////////////////////////////////////////////////////////////////////////////////////////////////

mysql> insert into employee values('Jane', 'B', 'Smith', '970003214', '1980-03-01', '3556 W Second Street,Miami,FL', 'F', 85000, '666666603', 5);
Query OK, 1 row affected (0.10 sec)

mysql> select * from employee where ssn='970003214';
+-------+-------+-------+-----------+------------+-------------------------------+------+----------+-----------+-----+
| fname | minit | lname | Ssn       | Bdate      | address                       | sex  | salary   | Super_ssn | dno |
+-------+-------+-------+-----------+------------+-------------------------------+------+----------+-----------+-----+
| Jane  | B     | Smith | 970003214 | 1980-03-01 | 3556 W Second Street,Miami,FL | F    | 85000.00 | 666666603 |   5 |
+-------+-------+-------+-----------+------------+-------------------------------+------+----------+-----------+-----+
1 row in set (0.00 sec)

//////////////////////////////////////////////////////////////////////////////////////////////////////////////////////////////////////////////////////////////////////////////////////////////////////////////////////////////////////////////////////////////////////////////////

mysql> insert into department values('CSE','150','970003214','2017-07-22');
Query OK, 1 row affected (0.19 sec)

mysql> select * from department where Dname='CSE';
+-------+---------+-----------+----------------+
| dname | dnumber | Mgr_Ssn   | Mgr_start_date |
+-------+---------+-----------+----------------+
| CSE   |     150 | 970003214 | 2017-07-22     |
+-------+---------+-----------+----------------+
1 row in set (0.00 sec)

//////////////////////////////////////////////////////////////////////////////////////////////////////////////////////////////////////////////////////////////////////////////////////////////////////////////////////////////////////////////////////////////////////////////////

mysql> insert into project values('BIGBANG','15','mumbai','150');
Query OK, 1 row affected (0.19 sec)

mysql> select * from project where pname='BIGBANG';
+---------+---------+-----------+------+
| pname   | pnumber | plocation | dnum |
+---------+---------+-----------+------+
| BIGBANG |      15 | mumbai    |  150 |
+---------+---------+-----------+------+
1 row in set (0.00 sec)

//////////////////////////////////////////////////////////////////////////////////////////////////////////////////////////////////////////////////////////////////////////////////////////////////////////////////////////////////////////////////////////////////////////////////